{"cameraMode":{"drawMode":0,"name":"Shaded","section":"Shading Mode"},"sceneLighting":false,"audioPlay":false,"sceneViewState":{"showFog":true,"showMaterialUpdate":false,"showSkybox":true,"showFlares":true,"showImageEffects":true,"showParticleSystems":true},"in2DMode":false,"pivot":{"x":-3.838843584060669,"y":10.85671615600586,"z":16.700435638427736},"rotation":{"x":-0.23318782448768617,"y":0.3457378149032593,"z":-0.08913367986679077,"w":-0.9045217037200928},"size":6.216543197631836,"orthographic":false}