{"cameraMode":{"drawMode":0,"name":"Shaded","section":"Shading Mode"},"sceneLighting":false,"audioPlay":false,"sceneViewState":{"showFog":true,"showMaterialUpdate":false,"showSkybox":true,"showFlares":true,"showImageEffects":true,"showParticleSystems":true},"in2DMode":false,"pivot":{"x":-9.94668197631836,"y":-4.501304626464844,"z":18.82135772705078},"rotation":{"x":-0.17829428613185883,"y":0.4783846437931061,"z":-0.09987029433250427,"w":-0.8540406823158264},"size":23.21285629272461,"orthographic":false}